title,content
"Python Programming","Python is a high-level, interpreted programming language known for its simplicity and readability. It's widely used in web development, data science, and automation. Python's syntax allows developers to express concepts in fewer lines of code compared to other languages."
"JavaScript Fundamentals","JavaScript is the programming language of the web, enabling interactive and dynamic content in browsers. It's also used for server-side development with Node.js. JavaScript supports multiple programming paradigms including object-oriented and functional programming."
"Java Development","Java is a robust, object-oriented programming language designed for portability across platforms. It follows the 'write once, run anywhere' principle through the Java Virtual Machine. Java is extensively used in enterprise applications and Android development."
"C++ Programming","C++ is a powerful, compiled programming language that extends C with object-oriented features. It provides low-level memory control while supporting high-level programming concepts. C++ is widely used in system programming, game development, and performance-critical applications."
"SQL Database","SQL (Structured Query Language) is the standard language for managing relational databases. It allows developers to create, read, update, and delete data efficiently. SQL is essential for backend development and data analysis across various database systems."
"React Framework","React is a popular JavaScript library for building user interfaces, particularly single-page applications. It uses a component-based architecture and virtual DOM for efficient rendering. React enables developers to create reusable UI components and manage application state effectively."
"Node.js Runtime","Node.js is a JavaScript runtime built on Chrome's V8 engine, enabling server-side JavaScript development. It uses an event-driven, non-blocking I/O model that makes it efficient for scalable applications. Node.js has a vast ecosystem of packages available through npm."
"Django Framework","Django is a high-level Python web framework that encourages rapid development and clean design. It follows the 'don't repeat yourself' principle and includes built-in features like authentication and admin interface. Django is perfect for building robust web applications quickly."
"Git Version Control","Git is a distributed version control system that tracks changes in source code during software development. It allows multiple developers to collaborate on projects efficiently and maintains a complete history of changes. Git is essential for modern software development workflows."
"Docker Containers","Docker is a platform that uses containerization to package applications and their dependencies into lightweight, portable containers. It ensures consistency across different environments and simplifies deployment processes. Docker has revolutionized how applications are developed and deployed."